id,question_type,closest_source,corruption_type,patched_layer,patch_position,clean_answer_similarity,corrupted_baseline_similarity,similarity_recovery,entity_overlap_recovery,mechanism_overlap_recovery,clean_answer_logprob
0,cross_domain_mapping,,no_thinking,7,candidate,0.973,0.7283,0.2717,0.5047,0.5
0,cross_domain_mapping,,no_thinking,8,candidate,0.973,0.7034,0.2966,0.5047,0.5
0,cross_domain_mapping,,no_thinking,9,candidate,0.973,0.6824,0.3176,0.5047,0.5
0,cross_domain_mapping,,no_thinking,10,candidate,0.973,0.6586,0.3414,0.5047,0.5
0,cross_domain_mapping,,no_thinking,36,candidate,0.973,0.1926,0.8074,0.5047,0.5
0,cross_domain_mapping,,no_thinking,1,control,0.973,0.0248,0.9752,0.5047,0.5
0,cross_domain_mapping,,no_thinking,20,control,0.973,0.0447,0.9553,0.5047,0.5
0,cross_domain_mapping,,no_thinking,30,control,0.973,0.0358,0.9642,0.5047,0.5
0,cross_domain_mapping,,shuffled_thinking,7,candidate,0.97,0.7286,0.2714,0.5291,0.6667
0,cross_domain_mapping,,shuffled_thinking,8,candidate,0.97,0.7026,0.2974,0.5291,0.6667
0,cross_domain_mapping,,shuffled_thinking,9,candidate,0.97,0.6829,0.3171,0.5291,0.6667
0,cross_domain_mapping,,shuffled_thinking,10,candidate,0.97,0.659,0.341,0.5291,0.6667
0,cross_domain_mapping,,shuffled_thinking,36,candidate,0.97,0.1582,0.8418,0.5291,0.6667
0,cross_domain_mapping,,shuffled_thinking,1,control,0.97,0.0177,0.9823,0.5291,0.6667
0,cross_domain_mapping,,shuffled_thinking,20,control,0.97,0.0434,0.9566,0.5291,0.6667
0,cross_domain_mapping,,shuffled_thinking,30,control,0.97,0.0348,0.9652,0.5291,0.6667
1,cross_domain_mapping,,no_thinking,7,candidate,0.9479,0.7368,0.2632,0.5659,0.3333
1,cross_domain_mapping,,no_thinking,8,candidate,0.9479,0.707,0.293,0.5659,0.3333
1,cross_domain_mapping,,no_thinking,9,candidate,0.9479,0.6896,0.3104,0.5659,0.3333
1,cross_domain_mapping,,no_thinking,10,candidate,0.9479,0.6666,0.3334,0.5659,0.3333
1,cross_domain_mapping,,no_thinking,36,candidate,0.9479,0.2841,0.7159,0.5659,0.3333
1,cross_domain_mapping,,no_thinking,1,control,0.9479,0.0116,0.9884,0.5659,0.3333
1,cross_domain_mapping,,no_thinking,20,control,0.9479,0.4027,0.5973,0.5659,0.3333
1,cross_domain_mapping,,no_thinking,30,control,0.9479,0.0704,0.9296,0.5659,0.3333
1,cross_domain_mapping,,shuffled_thinking,7,candidate,0.9525,0.7353,0.2647,0.5283,0.0
1,cross_domain_mapping,,shuffled_thinking,8,candidate,0.9525,0.7053,0.2947,0.5283,0.0
1,cross_domain_mapping,,shuffled_thinking,9,candidate,0.9525,0.6875,0.3125,0.5283,0.0
1,cross_domain_mapping,,shuffled_thinking,10,candidate,0.9525,0.6646,0.3354,0.5283,0.0
1,cross_domain_mapping,,shuffled_thinking,36,candidate,0.9525,0.1605,0.8395,0.5283,0.0
1,cross_domain_mapping,,shuffled_thinking,1,control,0.9525,0.0109,0.9891,0.5283,0.0
1,cross_domain_mapping,,shuffled_thinking,20,control,0.9525,0.3993,0.6007,0.5283,0.0
1,cross_domain_mapping,,shuffled_thinking,30,control,0.9525,0.0678,0.9322,0.5283,0.0
2,causal_multiscale_reasoning,,no_thinking,7,candidate,0.9275,0.7406,0.2594,0.5364,0.5
2,causal_multiscale_reasoning,,no_thinking,8,candidate,0.9275,0.7113,0.2887,0.5364,0.5
2,causal_multiscale_reasoning,,no_thinking,9,candidate,0.9275,0.6957,0.3043,0.5364,0.5
2,causal_multiscale_reasoning,,no_thinking,10,candidate,0.9275,0.6767,0.3233,0.5364,0.5
2,causal_multiscale_reasoning,,no_thinking,36,candidate,0.9275,0.2979,0.7021,0.5364,0.5
2,causal_multiscale_reasoning,,no_thinking,1,control,0.9275,0.0188,0.9812,0.5364,0.5
2,causal_multiscale_reasoning,,no_thinking,20,control,0.9275,0.4117,0.5883,0.5364,0.5
2,causal_multiscale_reasoning,,no_thinking,30,control,0.9275,0.087,0.913,0.5364,0.5
2,causal_multiscale_reasoning,,shuffled_thinking,7,candidate,0.9213,0.7395,0.2605,0.5517,0.2
2,causal_multiscale_reasoning,,shuffled_thinking,8,candidate,0.9213,0.7098,0.2902,0.5517,0.2
2,causal_multiscale_reasoning,,shuffled_thinking,9,candidate,0.9213,0.6937,0.3063,0.5517,0.2
2,causal_multiscale_reasoning,,shuffled_thinking,10,candidate,0.9213,0.6709,0.3291,0.5517,0.2
2,causal_multiscale_reasoning,,shuffled_thinking,36,candidate,0.9213,0.2296,0.7704,0.5517,0.2
2,causal_multiscale_reasoning,,shuffled_thinking,1,control,0.9213,0.011,0.989,0.5517,0.2
2,causal_multiscale_reasoning,,shuffled_thinking,20,control,0.9213,0.4034,0.5966,0.5517,0.2
2,causal_multiscale_reasoning,,shuffled_thinking,30,control,0.9213,0.0777,0.9223,0.5517,0.2
3,hidden_variable_identification,,no_thinking,7,candidate,0.9246,0.7278,0.2722,0.5686,0.5455
3,hidden_variable_identification,,no_thinking,8,candidate,0.9246,0.6931,0.3069,0.5686,0.5455
3,hidden_variable_identification,,no_thinking,9,candidate,0.9246,0.6801,0.3199,0.5686,0.5455
3,hidden_variable_identification,,no_thinking,10,candidate,0.9246,0.6562,0.3438,0.5686,0.5455
3,hidden_variable_identification,,no_thinking,36,candidate,0.9246,0.2849,0.7151,0.5686,0.5455
3,hidden_variable_identification,,no_thinking,1,control,0.9246,0.0165,0.9835,0.5686,0.5455
3,hidden_variable_identification,,no_thinking,20,control,0.9246,0.4046,0.5954,0.5686,0.5455
3,hidden_variable_identification,,no_thinking,30,control,0.9246,0.073,0.927,0.5686,0.5455
3,hidden_variable_identification,,shuffled_thinking,7,candidate,0.942,0.7263,0.2737,0.5861,0.5556
3,hidden_variable_identification,,shuffled_thinking,8,candidate,0.942,0.6892,0.3108,0.5861,0.5556
3,hidden_variable_identification,,shuffled_thinking,9,candidate,0.942,0.6745,0.3255,0.5861,0.5556
3,hidden_variable_identification,,shuffled_thinking,10,candidate,0.942,0.6502,0.3498,0.5861,0.5556
3,hidden_variable_identification,,shuffled_thinking,36,candidate,0.942,0.1521,0.8479,0.5861,0.5556
3,hidden_variable_identification,,shuffled_thinking,1,control,0.942,0.0101,0.9899,0.5861,0.5556
3,hidden_variable_identification,,shuffled_thinking,20,control,0.942,0.4484,0.5516,0.5861,0.5556
3,hidden_variable_identification,,shuffled_thinking,30,control,0.942,0.0906,0.9094,0.5861,0.5556
4,model_abstraction_and_breakdown,,no_thinking,7,candidate,0.9658,0.7366,0.2634,0.5423,0.25
4,model_abstraction_and_breakdown,,no_thinking,8,candidate,0.9658,0.701,0.299,0.5423,0.25
4,model_abstraction_and_breakdown,,no_thinking,9,candidate,0.9658,0.6828,0.3172,0.5423,0.25
4,model_abstraction_and_breakdown,,no_thinking,10,candidate,0.9658,0.6608,0.3392,0.5423,0.25
4,model_abstraction_and_breakdown,,no_thinking,36,candidate,0.9658,0.1618,0.8382,0.5423,0.25
4,model_abstraction_and_breakdown,,no_thinking,1,control,0.9658,0.0105,0.9895,0.5423,0.25
4,model_abstraction_and_breakdown,,no_thinking,20,control,0.9658,0.3771,0.6229,0.5423,0.25
4,model_abstraction_and_breakdown,,no_thinking,30,control,0.9658,0.0713,0.9287,0.5423,0.25
4,model_abstraction_and_breakdown,,shuffled_thinking,7,candidate,0.9224,0.7377,0.2623,0.4812,0.0
4,model_abstraction_and_breakdown,,shuffled_thinking,8,candidate,0.9224,0.7021,0.2979,0.4812,0.0
4,model_abstraction_and_breakdown,,shuffled_thinking,9,candidate,0.9224,0.6836,0.3164,0.4812,0.0
4,model_abstraction_and_breakdown,,shuffled_thinking,10,candidate,0.9224,0.6611,0.3389,0.4812,0.0
4,model_abstraction_and_breakdown,,shuffled_thinking,36,candidate,0.9224,0.2017,0.7983,0.4812,0.0
4,model_abstraction_and_breakdown,,shuffled_thinking,1,control,0.9224,0.0119,0.9881,0.4812,0.0
4,model_abstraction_and_breakdown,,shuffled_thinking,20,control,0.9224,0.3841,0.6159,0.4812,0.0
4,model_abstraction_and_breakdown,,shuffled_thinking,30,control,0.9224,0.0759,0.9241,0.4812,0.0
5,tradeoff_and_non_monotonicity,,no_thinking,7,candidate,0.9207,0.7315,0.2685,0.5227,0.4
5,tradeoff_and_non_monotonicity,,no_thinking,8,candidate,0.9207,0.6966,0.3034,0.5227,0.4
5,tradeoff_and_non_monotonicity,,no_thinking,9,candidate,0.9207,0.6795,0.3205,0.5227,0.4
5,tradeoff_and_non_monotonicity,,no_thinking,10,candidate,0.9207,0.6584,0.3416,0.5227,0.4
5,tradeoff_and_non_monotonicity,,no_thinking,36,candidate,0.9207,0.2877,0.7123,0.5227,0.4
5,tradeoff_and_non_monotonicity,,no_thinking,1,control,0.9207,0.0198,0.9802,0.5227,0.4
5,tradeoff_and_non_monotonicity,,no_thinking,20,control,0.9207,0.3991,0.6009,0.5227,0.4
5,tradeoff_and_non_monotonicity,,no_thinking,30,control,0.9207,0.0791,0.9209,0.5227,0.4
5,tradeoff_and_non_monotonicity,,shuffled_thinking,7,candidate,0.9133,0.7316,0.2684,0.4553,0.3333
5,tradeoff_and_non_monotonicity,,shuffled_thinking,8,candidate,0.9133,0.6964,0.3036,0.4553,0.3333
5,tradeoff_and_non_monotonicity,,shuffled_thinking,9,candidate,0.9133,0.6781,0.3219,0.4553,0.3333
5,tradeoff_and_non_monotonicity,,shuffled_thinking,10,candidate,0.9133,0.6571,0.3429,0.4553,0.3333
5,tradeoff_and_non_monotonicity,,shuffled_thinking,36,candidate,0.9133,0.1837,0.8163,0.4553,0.3333
5,tradeoff_and_non_monotonicity,,shuffled_thinking,1,control,0.9133,0.0131,0.9869,0.4553,0.3333
5,tradeoff_and_non_monotonicity,,shuffled_thinking,20,control,0.9133,0.4547,0.5453,0.4553,0.3333
5,tradeoff_and_non_monotonicity,,shuffled_thinking,30,control,0.9133,0.1017,0.8983,0.4553,0.3333
6,tradeoff_and_non_monotonicity,,no_thinking,7,candidate,0.9109,0.7384,0.2616,0.4969,0.0
6,tradeoff_and_non_monotonicity,,no_thinking,8,candidate,0.9109,0.7098,0.2902,0.4969,0.0
6,tradeoff_and_non_monotonicity,,no_thinking,9,candidate,0.9109,0.6952,0.3048,0.4969,0.0
6,tradeoff_and_non_monotonicity,,no_thinking,10,candidate,0.9109,0.6717,0.3283,0.4969,0.0
6,tradeoff_and_non_monotonicity,,no_thinking,36,candidate,0.9109,0.1918,0.8082,0.4969,0.0
6,tradeoff_and_non_monotonicity,,no_thinking,1,control,0.9109,0.0192,0.9808,0.4969,0.0
6,tradeoff_and_non_monotonicity,,no_thinking,20,control,0.9109,0.3969,0.6031,0.4969,0.0
6,tradeoff_and_non_monotonicity,,no_thinking,30,control,0.9109,0.0866,0.9134,0.4969,0.0
6,tradeoff_and_non_monotonicity,,shuffled_thinking,7,candidate,0.9348,0.7362,0.2638,0.5361,0.0
6,tradeoff_and_non_monotonicity,,shuffled_thinking,8,candidate,0.9348,0.7068,0.2932,0.5361,0.0
6,tradeoff_and_non_monotonicity,,shuffled_thinking,9,candidate,0.9348,0.6901,0.3099,0.5361,0.0
6,tradeoff_and_non_monotonicity,,shuffled_thinking,10,candidate,0.9348,0.6679,0.3321,0.5361,0.0
6,tradeoff_and_non_monotonicity,,shuffled_thinking,36,candidate,0.9348,0.2402,0.7598,0.5361,0.0
6,tradeoff_and_non_monotonicity,,shuffled_thinking,1,control,0.9348,0.0135,0.9865,0.5361,0.0
6,tradeoff_and_non_monotonicity,,shuffled_thinking,20,control,0.9348,0.3975,0.6025,0.5361,0.0
6,tradeoff_and_non_monotonicity,,shuffled_thinking,30,control,0.9348,0.0807,0.9193,0.5361,0.0
7,model_abstraction_and_breakdown,,no_thinking,7,candidate,0.9676,0.7304,0.2696,0.5879,0.25
7,model_abstraction_and_breakdown,,no_thinking,8,candidate,0.9676,0.6937,0.3063,0.5879,0.25
7,model_abstraction_and_breakdown,,no_thinking,9,candidate,0.9676,0.6734,0.3266,0.5879,0.25
7,model_abstraction_and_breakdown,,no_thinking,10,candidate,0.9676,0.6504,0.3496,0.5879,0.25
7,model_abstraction_and_breakdown,,no_thinking,36,candidate,0.9676,0.1584,0.8416,0.5879,0.25
7,model_abstraction_and_breakdown,,no_thinking,1,control,0.9676,0.01,0.99,0.5879,0.25
7,model_abstraction_and_breakdown,,no_thinking,20,control,0.9676,0.3778,0.6222,0.5879,0.25
7,model_abstraction_and_breakdown,,no_thinking,30,control,0.9676,0.0678,0.9322,0.5879,0.25
7,model_abstraction_and_breakdown,,shuffled_thinking,7,candidate,0.9141,0.7312,0.2688,0.5232,0.3333
7,model_abstraction_and_breakdown,,shuffled_thinking,8,candidate,0.9141,0.6934,0.3066,0.5232,0.3333
7,model_abstraction_and_breakdown,,shuffled_thinking,9,candidate,0.9141,0.6705,0.3295,0.5232,0.3333
7,model_abstraction_and_breakdown,,shuffled_thinking,10,candidate,0.9141,0.648,0.352,0.5232,0.3333
7,model_abstraction_and_breakdown,,shuffled_thinking,36,candidate,0.9141,0.172,0.828,0.5232,0.3333
7,model_abstraction_and_breakdown,,shuffled_thinking,1,control,0.9141,0.0103,0.9897,0.5232,0.3333
7,model_abstraction_and_breakdown,,shuffled_thinking,20,control,0.9141,0.3765,0.6235,0.5232,0.3333
7,model_abstraction_and_breakdown,,shuffled_thinking,30,control,0.9141,0.0636,0.9364,0.5232,0.3333
8,tradeoff_and_non_monotonicity,,no_thinking,7,candidate,0.9039,0.7264,0.2736,0.4595,0.0
8,tradeoff_and_non_monotonicity,,no_thinking,8,candidate,0.9039,0.6918,0.3082,0.4595,0.0
8,tradeoff_and_non_monotonicity,,no_thinking,9,candidate,0.9039,0.6729,0.3271,0.4595,0.0
8,tradeoff_and_non_monotonicity,,no_thinking,10,candidate,0.9039,0.652,0.348,0.4595,0.0
8,tradeoff_and_non_monotonicity,,no_thinking,36,candidate,0.9039,0.2009,0.7991,0.4595,0.0
8,tradeoff_and_non_monotonicity,,no_thinking,1,control,0.9039,0.0094,0.9906,0.4595,0.0
8,tradeoff_and_non_monotonicity,,no_thinking,20,control,0.9039,0.3779,0.6221,0.4595,0.0
8,tradeoff_and_non_monotonicity,,no_thinking,30,control,0.9039,0.0646,0.9354,0.4595,0.0
8,tradeoff_and_non_monotonicity,,shuffled_thinking,7,candidate,0.9212,0.7251,0.2749,0.5243,0.2
8,tradeoff_and_non_monotonicity,,shuffled_thinking,8,candidate,0.9212,0.6884,0.3116,0.5243,0.2
8,tradeoff_and_non_monotonicity,,shuffled_thinking,9,candidate,0.9212,0.6677,0.3323,0.5243,0.2
8,tradeoff_and_non_monotonicity,,shuffled_thinking,10,candidate,0.9212,0.6471,0.3529,0.5243,0.2
8,tradeoff_and_non_monotonicity,,shuffled_thinking,36,candidate,0.9212,0.1795,0.8205,0.5243,0.2
8,tradeoff_and_non_monotonicity,,shuffled_thinking,1,control,0.9212,0.0078,0.9922,0.5243,0.2
8,tradeoff_and_non_monotonicity,,shuffled_thinking,20,control,0.9212,0.3734,0.6266,0.5243,0.2
8,tradeoff_and_non_monotonicity,,shuffled_thinking,30,control,0.9212,0.0628,0.9372,0.5243,0.2
9,model_abstraction_and_breakdown,,no_thinking,7,candidate,0.9555,0.7327,0.2673,0.5648,0.3333
9,model_abstraction_and_breakdown,,no_thinking,8,candidate,0.9555,0.6995,0.3005,0.5648,0.3333
9,model_abstraction_and_breakdown,,no_thinking,9,candidate,0.9555,0.6795,0.3205,0.5648,0.3333
9,model_abstraction_and_breakdown,,no_thinking,10,candidate,0.9555,0.6588,0.3412,0.5648,0.3333
9,model_abstraction_and_breakdown,,no_thinking,36,candidate,0.9555,0.2165,0.7835,0.5648,0.3333
9,model_abstraction_and_breakdown,,no_thinking,1,control,0.9555,0.0101,0.9899,0.5648,0.3333
9,model_abstraction_and_breakdown,,no_thinking,20,control,0.9555,0.377,0.623,0.5648,0.3333
9,model_abstraction_and_breakdown,,no_thinking,30,control,0.9555,0.0657,0.9343,0.5648,0.3333
9,model_abstraction_and_breakdown,,shuffled_thinking,7,candidate,0.9322,0.7321,0.2679,0.5499,0.4
9,model_abstraction_and_breakdown,,shuffled_thinking,8,candidate,0.9322,0.6983,0.3017,0.5499,0.4
9,model_abstraction_and_breakdown,,shuffled_thinking,9,candidate,0.9322,0.6783,0.3217,0.5499,0.4
9,model_abstraction_and_breakdown,,shuffled_thinking,10,candidate,0.9322,0.6581,0.3419,0.5499,0.4
9,model_abstraction_and_breakdown,,shuffled_thinking,36,candidate,0.9322,0.2043,0.7957,0.5499,0.4
9,model_abstraction_and_breakdown,,shuffled_thinking,1,control,0.9322,0.0096,0.9904,0.5499,0.4
9,model_abstraction_and_breakdown,,shuffled_thinking,20,control,0.9322,0.3788,0.6212,0.5499,0.4
9,model_abstraction_and_breakdown,,shuffled_thinking,30,control,0.9322,0.0647,0.9353,0.5499,0.4
10,hidden_variable_identification,,no_thinking,7,candidate,0.9202,0.7303,0.2697,0.55,0.4286
10,hidden_variable_identification,,no_thinking,8,candidate,0.9202,0.6924,0.3076,0.55,0.4286
10,hidden_variable_identification,,no_thinking,9,candidate,0.9202,0.6764,0.3236,0.55,0.4286
10,hidden_variable_identification,,no_thinking,10,candidate,0.9202,0.6538,0.3462,0.55,0.4286
10,hidden_variable_identification,,no_thinking,36,candidate,0.9202,0.1118,0.8882,0.55,0.4286
10,hidden_variable_identification,,no_thinking,1,control,0.9202,0.0102,0.9898,0.55,0.4286
10,hidden_variable_identification,,no_thinking,20,control,0.9202,0.3873,0.6127,0.55,0.4286
10,hidden_variable_identification,,no_thinking,30,control,0.9202,0.0685,0.9315,0.55,0.4286
10,hidden_variable_identification,,shuffled_thinking,7,candidate,0.9329,0.7296,0.2704,0.5187,0.1429
10,hidden_variable_identification,,shuffled_thinking,8,candidate,0.9329,0.6915,0.3085,0.5187,0.1429
10,hidden_variable_identification,,shuffled_thinking,9,candidate,0.9329,0.6741,0.3259,0.5187,0.1429
10,hidden_variable_identification,,shuffled_thinking,10,candidate,0.9329,0.6521,0.3479,0.5187,0.1429
10,hidden_variable_identification,,shuffled_thinking,36,candidate,0.9329,0.1231,0.8769,0.5187,0.1429
10,hidden_variable_identification,,shuffled_thinking,1,control,0.9329,0.0103,0.9897,0.5187,0.1429
10,hidden_variable_identification,,shuffled_thinking,20,control,0.9329,0.3911,0.6089,0.5187,0.1429
10,hidden_variable_identification,,shuffled_thinking,30,control,0.9329,0.0731,0.9269,0.5187,0.1429
11,tradeoff_and_non_monotonicity,,no_thinking,7,candidate,0.9626,0.7228,0.2772,0.6712,0.3333
11,tradeoff_and_non_monotonicity,,no_thinking,8,candidate,0.9626,0.6878,0.3122,0.6712,0.3333
11,tradeoff_and_non_monotonicity,,no_thinking,9,candidate,0.9626,0.6729,0.3271,0.6712,0.3333
11,tradeoff_and_non_monotonicity,,no_thinking,10,candidate,0.9626,0.6521,0.3479,0.6712,0.3333
11,tradeoff_and_non_monotonicity,,no_thinking,36,candidate,0.9626,0.1412,0.8588,0.6712,0.3333
11,tradeoff_and_non_monotonicity,,no_thinking,1,control,0.9626,0.0073,0.9927,0.6712,0.3333
11,tradeoff_and_non_monotonicity,,no_thinking,20,control,0.9626,0.3848,0.6152,0.6712,0.3333
11,tradeoff_and_non_monotonicity,,no_thinking,30,control,0.9626,0.0604,0.9396,0.6712,0.3333
11,tradeoff_and_non_monotonicity,,shuffled_thinking,7,candidate,0.9071,0.726,0.274,0.5955,0.3333
11,tradeoff_and_non_monotonicity,,shuffled_thinking,8,candidate,0.9071,0.6907,0.3093,0.5955,0.3333
11,tradeoff_and_non_monotonicity,,shuffled_thinking,9,candidate,0.9071,0.673,0.327,0.5955,0.3333
11,tradeoff_and_non_monotonicity,,shuffled_thinking,10,candidate,0.9071,0.6508,0.3492,0.5955,0.3333
11,tradeoff_and_non_monotonicity,,shuffled_thinking,36,candidate,0.9071,0.1514,0.8486,0.5955,0.3333
11,tradeoff_and_non_monotonicity,,shuffled_thinking,1,control,0.9071,0.011,0.989,0.5955,0.3333
11,tradeoff_and_non_monotonicity,,shuffled_thinking,20,control,0.9071,0.3904,0.6096,0.5955,0.3333
11,tradeoff_and_non_monotonicity,,shuffled_thinking,30,control,0.9071,0.0672,0.9328,0.5955,0.3333
12,hidden_variable_identification,,no_thinking,7,candidate,0.9619,0.7344,0.2656,0.6007,0.4
12,hidden_variable_identification,,no_thinking,8,candidate,0.9619,0.6981,0.3019,0.6007,0.4
12,hidden_variable_identification,,no_thinking,9,candidate,0.9619,0.6783,0.3217,0.6007,0.4
12,hidden_variable_identification,,no_thinking,10,candidate,0.9619,0.6587,0.3413,0.6007,0.4
12,hidden_variable_identification,,no_thinking,36,candidate,0.9619,0.1971,0.8029,0.6007,0.4
12,hidden_variable_identification,,no_thinking,1,control,0.9619,0.0103,0.9897,0.6007,0.4
12,hidden_variable_identification,,no_thinking,20,control,0.9619,0.3942,0.6058,0.6007,0.4
12,hidden_variable_identification,,no_thinking,30,control,0.9619,0.0765,0.9235,0.6007,0.4
12,hidden_variable_identification,,shuffled_thinking,7,candidate,0.9649,0.7296,0.2704,0.5402,0.5
12,hidden_variable_identification,,shuffled_thinking,8,candidate,0.9649,0.6929,0.3071,0.5402,0.5
12,hidden_variable_identification,,shuffled_thinking,9,candidate,0.9649,0.6734,0.3266,0.5402,0.5
12,hidden_variable_identification,,shuffled_thinking,10,candidate,0.9649,0.654,0.346,0.5402,0.5
12,hidden_variable_identification,,shuffled_thinking,36,candidate,0.9649,0.1312,0.8688,0.5402,0.5
12,hidden_variable_identification,,shuffled_thinking,1,control,0.9649,0.0076,0.9924,0.5402,0.5
12,hidden_variable_identification,,shuffled_thinking,20,control,0.9649,0.3854,0.6146,0.5402,0.5
12,hidden_variable_identification,,shuffled_thinking,30,control,0.9649,0.0687,0.9313,0.5402,0.5
13,hidden_variable_identification,,no_thinking,7,candidate,0.9342,0.7375,0.2625,0.6,0.25
13,hidden_variable_identification,,no_thinking,8,candidate,0.9342,0.6999,0.3001,0.6,0.25
13,hidden_variable_identification,,no_thinking,9,candidate,0.9342,0.6825,0.3175,0.6,0.25
13,hidden_variable_identification,,no_thinking,10,candidate,0.9342,0.6589,0.3411,0.6,0.25
13,hidden_variable_identification,,no_thinking,36,candidate,0.9342,0.148,0.852,0.6,0.25
13,hidden_variable_identification,,no_thinking,1,control,0.9342,0.0088,0.9912,0.6,0.25
13,hidden_variable_identification,,no_thinking,20,control,0.9342,0.393,0.607,0.6,0.25
13,hidden_variable_identification,,no_thinking,30,control,0.9342,0.0718,0.9282,0.6,0.25
13,hidden_variable_identification,,shuffled_thinking,7,candidate,0.8987,0.7396,0.2604,0.5443,0.5
13,hidden_variable_identification,,shuffled_thinking,8,candidate,0.8987,0.7012,0.2988,0.5443,0.5
13,hidden_variable_identification,,shuffled_thinking,9,candidate,0.8987,0.6818,0.3182,0.5443,0.5
13,hidden_variable_identification,,shuffled_thinking,10,candidate,0.8987,0.6571,0.3429,0.5443,0.5
13,hidden_variable_identification,,shuffled_thinking,36,candidate,0.8987,0.1514,0.8486,0.5443,0.5
13,hidden_variable_identification,,shuffled_thinking,1,control,0.8987,0.0122,0.9878,0.5443,0.5
13,hidden_variable_identification,,shuffled_thinking,20,control,0.8987,0.3945,0.6055,0.5443,0.5
13,hidden_variable_identification,,shuffled_thinking,30,control,0.8987,0.0753,0.9247,0.5443,0.5
14,hidden_variable_identification,,no_thinking,7,candidate,0.9149,0.7351,0.2649,0.5097,0.2
14,hidden_variable_identification,,no_thinking,8,candidate,0.9149,0.7011,0.2989,0.5097,0.2
14,hidden_variable_identification,,no_thinking,9,candidate,0.9149,0.685,0.315,0.5097,0.2
14,hidden_variable_identification,,no_thinking,10,candidate,0.9149,0.6623,0.3377,0.5097,0.2
14,hidden_variable_identification,,no_thinking,36,candidate,0.9149,0.1862,0.8138,0.5097,0.2
14,hidden_variable_identification,,no_thinking,1,control,0.9149,0.0122,0.9878,0.5097,0.2
14,hidden_variable_identification,,no_thinking,20,control,0.9149,0.3884,0.6116,0.5097,0.2
14,hidden_variable_identification,,no_thinking,30,control,0.9149,0.0764,0.9236,0.5097,0.2
14,hidden_variable_identification,,shuffled_thinking,7,candidate,0.927,0.7342,0.2658,0.5505,0.2
14,hidden_variable_identification,,shuffled_thinking,8,candidate,0.927,0.7005,0.2995,0.5505,0.2
14,hidden_variable_identification,,shuffled_thinking,9,candidate,0.927,0.6829,0.3171,0.5505,0.2
14,hidden_variable_identification,,shuffled_thinking,10,candidate,0.927,0.661,0.339,0.5505,0.2
14,hidden_variable_identification,,shuffled_thinking,36,candidate,0.927,0.1387,0.8613,0.5505,0.2
14,hidden_variable_identification,,shuffled_thinking,1,control,0.927,0.0105,0.9895,0.5505,0.2
14,hidden_variable_identification,,shuffled_thinking,20,control,0.927,0.3881,0.6119,0.5505,0.2
14,hidden_variable_identification,,shuffled_thinking,30,control,0.927,0.0701,0.9299,0.5505,0.2
15,hidden_variable_identification,,no_thinking,7,candidate,0.9715,0.7377,0.2623,0.6081,0.3333
15,hidden_variable_identification,,no_thinking,8,candidate,0.9715,0.7091,0.2909,0.6081,0.3333
15,hidden_variable_identification,,no_thinking,9,candidate,0.9715,0.6907,0.3093,0.6081,0.3333
15,hidden_variable_identification,,no_thinking,10,candidate,0.9715,0.6681,0.3319,0.6081,0.3333
15,hidden_variable_identification,,no_thinking,36,candidate,0.9715,0.2921,0.7079,0.6081,0.3333
15,hidden_variable_identification,,no_thinking,1,control,0.9715,0.0085,0.9915,0.6081,0.3333
15,hidden_variable_identification,,no_thinking,20,control,0.9715,0.3994,0.6006,0.6081,0.3333
15,hidden_variable_identification,,no_thinking,30,control,0.9715,0.0735,0.9265,0.6081,0.3333
15,hidden_variable_identification,,shuffled_thinking,7,candidate,0.9723,0.7339,0.2661,0.5887,0.25
15,hidden_variable_identification,,shuffled_thinking,8,candidate,0.9723,0.7047,0.2953,0.5887,0.25
15,hidden_variable_identification,,shuffled_thinking,9,candidate,0.9723,0.686,0.314,0.5887,0.25
15,hidden_variable_identification,,shuffled_thinking,10,candidate,0.9723,0.664,0.336,0.5887,0.25
15,hidden_variable_identification,,shuffled_thinking,36,candidate,0.9723,0.2735,0.7265,0.5887,0.25
15,hidden_variable_identification,,shuffled_thinking,1,control,0.9723,0.0075,0.9925,0.5887,0.25
15,hidden_variable_identification,,shuffled_thinking,20,control,0.9723,0.395,0.605,0.5887,0.25
15,hidden_variable_identification,,shuffled_thinking,30,control,0.9723,0.0701,0.9299,0.5887,0.25
16,model_abstraction_and_breakdown,,no_thinking,7,candidate,0.943,0.7322,0.2678,0.5664,0.5
16,model_abstraction_and_breakdown,,no_thinking,8,candidate,0.943,0.6919,0.3081,0.5664,0.5
16,model_abstraction_and_breakdown,,no_thinking,9,candidate,0.943,0.6732,0.3268,0.5664,0.5
16,model_abstraction_and_breakdown,,no_thinking,10,candidate,0.943,0.65,0.35,0.5664,0.5
16,model_abstraction_and_breakdown,,no_thinking,36,candidate,0.943,0.142,0.858,0.5664,0.5
16,model_abstraction_and_breakdown,,no_thinking,1,control,0.943,0.0074,0.9926,0.5664,0.5
16,model_abstraction_and_breakdown,,no_thinking,20,control,0.943,0.3866,0.6134,0.5664,0.5
16,model_abstraction_and_breakdown,,no_thinking,30,control,0.943,0.0628,0.9372,0.5664,0.5
16,model_abstraction_and_breakdown,,shuffled_thinking,7,candidate,0.9429,0.7316,0.2684,0.6377,0.5
16,model_abstraction_and_breakdown,,shuffled_thinking,8,candidate,0.9429,0.6919,0.3081,0.6377,0.5
16,model_abstraction_and_breakdown,,shuffled_thinking,9,candidate,0.9429,0.6722,0.3278,0.6377,0.5
16,model_abstraction_and_breakdown,,shuffled_thinking,10,candidate,0.9429,0.6481,0.3519,0.6377,0.5
16,model_abstraction_and_breakdown,,shuffled_thinking,36,candidate,0.9429,0.1343,0.8657,0.6377,0.5
16,model_abstraction_and_breakdown,,shuffled_thinking,1,control,0.9429,0.0066,0.9934,0.6377,0.5
16,model_abstraction_and_breakdown,,shuffled_thinking,20,control,0.9429,0.3884,0.6116,0.6377,0.5
16,model_abstraction_and_breakdown,,shuffled_thinking,30,control,0.9429,0.0619,0.9381,0.6377,0.5
18,hidden_variable_identification,,no_thinking,7,candidate,0.9324,0.7344,0.2656,0.4248,0.4
18,hidden_variable_identification,,no_thinking,8,candidate,0.9324,0.7002,0.2998,0.4248,0.4
18,hidden_variable_identification,,no_thinking,9,candidate,0.9324,0.6794,0.3206,0.4248,0.4
18,hidden_variable_identification,,no_thinking,10,candidate,0.9324,0.6572,0.3428,0.4248,0.4
18,hidden_variable_identification,,no_thinking,36,candidate,0.9324,0.2088,0.7912,0.4248,0.4
18,hidden_variable_identification,,no_thinking,1,control,0.9324,0.0131,0.9869,0.4248,0.4
18,hidden_variable_identification,,no_thinking,20,control,0.9324,0.3827,0.6173,0.4248,0.4
18,hidden_variable_identification,,no_thinking,30,control,0.9324,0.0726,0.9274,0.4248,0.4
18,hidden_variable_identification,,shuffled_thinking,7,candidate,0.9482,0.7324,0.2676,0.5283,0.5
18,hidden_variable_identification,,shuffled_thinking,8,candidate,0.9482,0.6971,0.3029,0.5283,0.5
18,hidden_variable_identification,,shuffled_thinking,9,candidate,0.9482,0.6764,0.3236,0.5283,0.5
18,hidden_variable_identification,,shuffled_thinking,10,candidate,0.9482,0.6546,0.3454,0.5283,0.5
18,hidden_variable_identification,,shuffled_thinking,36,candidate,0.9482,0.226,0.774,0.5283,0.5
18,hidden_variable_identification,,shuffled_thinking,1,control,0.9482,0.0122,0.9878,0.5283,0.5
18,hidden_variable_identification,,shuffled_thinking,20,control,0.9482,0.3817,0.6183,0.5283,0.5
18,hidden_variable_identification,,shuffled_thinking,30,control,0.9482,0.0728,0.9272,0.5283,0.5
19,model_abstraction_and_breakdown,,no_thinking,7,candidate,0.9499,0.7304,0.2696,0.6041,0.5
19,model_abstraction_and_breakdown,,no_thinking,8,candidate,0.9499,0.696,0.304,0.6041,0.5
19,model_abstraction_and_breakdown,,no_thinking,9,candidate,0.9499,0.6756,0.3244,0.6041,0.5
19,model_abstraction_and_breakdown,,no_thinking,10,candidate,0.9499,0.6547,0.3453,0.6041,0.5
19,model_abstraction_and_breakdown,,no_thinking,36,candidate,0.9499,0.1267,0.8733,0.6041,0.5
19,model_abstraction_and_breakdown,,no_thinking,1,control,0.9499,0.0074,0.9926,0.6041,0.5
19,model_abstraction_and_breakdown,,no_thinking,20,control,0.9499,0.3885,0.6115,0.6041,0.5
19,model_abstraction_and_breakdown,,no_thinking,30,control,0.9499,0.0608,0.9392,0.6041,0.5
19,model_abstraction_and_breakdown,,shuffled_thinking,7,candidate,0.9722,0.73,0.27,0.6185,0.4
19,model_abstraction_and_breakdown,,shuffled_thinking,8,candidate,0.9722,0.6956,0.3044,0.6185,0.4
19,model_abstraction_and_breakdown,,shuffled_thinking,9,candidate,0.9722,0.6752,0.3248,0.6185,0.4
19,model_abstraction_and_breakdown,,shuffled_thinking,10,candidate,0.9722,0.6542,0.3458,0.6185,0.4
19,model_abstraction_and_breakdown,,shuffled_thinking,36,candidate,0.9722,0.1075,0.8925,0.6185,0.4
19,model_abstraction_and_breakdown,,shuffled_thinking,1,control,0.9722,0.0065,0.9935,0.6185,0.4
19,model_abstraction_and_breakdown,,shuffled_thinking,20,control,0.9722,0.3889,0.6111,0.6185,0.4
19,model_abstraction_and_breakdown,,shuffled_thinking,30,control,0.9722,0.061,0.939,0.6185,0.4
20,hidden_variable_identification,,no_thinking,7,candidate,0.9156,0.7405,0.2595,0.5028,0.4
20,hidden_variable_identification,,no_thinking,8,candidate,0.9156,0.7042,0.2958,0.5028,0.4
20,hidden_variable_identification,,no_thinking,9,candidate,0.9156,0.6851,0.3149,0.5028,0.4
20,hidden_variable_identification,,no_thinking,10,candidate,0.9156,0.6653,0.3347,0.5028,0.4
20,hidden_variable_identification,,no_thinking,36,candidate,0.9156,0.1904,0.8096,0.5028,0.4
20,hidden_variable_identification,,no_thinking,1,control,0.9156,0.0093,0.9907,0.5028,0.4
20,hidden_variable_identification,,no_thinking,20,control,0.9156,0.3934,0.6066,0.5028,0.4
20,hidden_variable_identification,,no_thinking,30,control,0.9156,0.0653,0.9347,0.5028,0.4
20,hidden_variable_identification,,shuffled_thinking,7,candidate,0.9238,0.7404,0.2596,0.4593,0.5
20,hidden_variable_identification,,shuffled_thinking,8,candidate,0.9238,0.7029,0.2971,0.4593,0.5
20,hidden_variable_identification,,shuffled_thinking,9,candidate,0.9238,0.6833,0.3167,0.4593,0.5
20,hidden_variable_identification,,shuffled_thinking,10,candidate,0.9238,0.6625,0.3375,0.4593,0.5
20,hidden_variable_identification,,shuffled_thinking,36,candidate,0.9238,0.104,0.896,0.4593,0.5
20,hidden_variable_identification,,shuffled_thinking,1,control,0.9238,0.0069,0.9931,0.4593,0.5
20,hidden_variable_identification,,shuffled_thinking,20,control,0.9238,0.3905,0.6095,0.4593,0.5
20,hidden_variable_identification,,shuffled_thinking,30,control,0.9238,0.06,0.94,0.4593,0.5
21,hidden_variable_identification,,no_thinking,7,candidate,0.8699,0.0006,0.9994,0.3296,0.2
21,hidden_variable_identification,,no_thinking,8,candidate,0.8699,0.0008,0.9992,0.3296,0.2
21,hidden_variable_identification,,no_thinking,9,candidate,0.8699,0.0011,0.9989,0.3296,0.2
21,hidden_variable_identification,,no_thinking,10,candidate,0.8699,0.0012,0.9988,0.3296,0.2
21,hidden_variable_identification,,no_thinking,36,candidate,0.8699,0.3253,0.6747,0.3296,0.2
21,hidden_variable_identification,,no_thinking,1,control,0.8699,0.0175,0.9825,0.3296,0.2
21,hidden_variable_identification,,no_thinking,20,control,0.8699,0.008,0.992,0.3296,0.2
21,hidden_variable_identification,,no_thinking,30,control,0.8699,0.0349,0.9651,0.3296,0.2
21,hidden_variable_identification,,shuffled_thinking,7,candidate,0.8868,0.0005,0.9995,0.3302,0.0
21,hidden_variable_identification,,shuffled_thinking,8,candidate,0.8868,0.0007,0.9993,0.3302,0.0
21,hidden_variable_identification,,shuffled_thinking,9,candidate,0.8868,0.0009,0.9991,0.3302,0.0
21,hidden_variable_identification,,shuffled_thinking,10,candidate,0.8868,0.0009,0.9991,0.3302,0.0
21,hidden_variable_identification,,shuffled_thinking,36,candidate,0.8868,0.2641,0.7359,0.3302,0.0
21,hidden_variable_identification,,shuffled_thinking,1,control,0.8868,0.0145,0.9855,0.3302,0.0
21,hidden_variable_identification,,shuffled_thinking,20,control,0.8868,0.0069,0.9931,0.3302,0.0
21,hidden_variable_identification,,shuffled_thinking,30,control,0.8868,0.0311,0.9689,0.3302,0.0
22,hidden_variable_identification,,no_thinking,7,candidate,0.9299,0.7321,0.2679,0.5666,0.5
22,hidden_variable_identification,,no_thinking,8,candidate,0.9299,0.6975,0.3025,0.5666,0.5
22,hidden_variable_identification,,no_thinking,9,candidate,0.9299,0.6785,0.3215,0.5666,0.5
22,hidden_variable_identification,,no_thinking,10,candidate,0.9299,0.6554,0.3446,0.5666,0.5
22,hidden_variable_identification,,no_thinking,36,candidate,0.9299,0.1131,0.8869,0.5666,0.5
22,hidden_variable_identification,,no_thinking,1,control,0.9299,0.0104,0.9896,0.5666,0.5
22,hidden_variable_identification,,no_thinking,20,control,0.9299,0.3879,0.6121,0.5666,0.5
22,hidden_variable_identification,,no_thinking,30,control,0.9299,0.0656,0.9344,0.5666,0.5
22,hidden_variable_identification,,shuffled_thinking,7,candidate,0.9479,0.7325,0.2675,0.619,0.4
22,hidden_variable_identification,,shuffled_thinking,8,candidate,0.9479,0.6984,0.3016,0.619,0.4
22,hidden_variable_identification,,shuffled_thinking,9,candidate,0.9479,0.6799,0.3201,0.619,0.4
22,hidden_variable_identification,,shuffled_thinking,10,candidate,0.9479,0.6569,0.3431,0.619,0.4
22,hidden_variable_identification,,shuffled_thinking,36,candidate,0.9479,0.1164,0.8836,0.619,0.4
22,hidden_variable_identification,,shuffled_thinking,1,control,0.9479,0.008,0.992,0.619,0.4
22,hidden_variable_identification,,shuffled_thinking,20,control,0.9479,0.3936,0.6064,0.619,0.4
22,hidden_variable_identification,,shuffled_thinking,30,control,0.9479,0.0668,0.9332,0.619,0.4
23,model_abstraction_and_breakdown,,no_thinking,7,candidate,0.9496,0.7417,0.2583,0.5112,0.5
23,model_abstraction_and_breakdown,,no_thinking,8,candidate,0.9496,0.7112,0.2888,0.5112,0.5
23,model_abstraction_and_breakdown,,no_thinking,9,candidate,0.9496,0.6966,0.3034,0.5112,0.5
23,model_abstraction_and_breakdown,,no_thinking,10,candidate,0.9496,0.6767,0.3233,0.5112,0.5
23,model_abstraction_and_breakdown,,no_thinking,36,candidate,0.9496,0.2052,0.7948,0.5112,0.5
23,model_abstraction_and_breakdown,,no_thinking,1,control,0.9496,0.0092,0.9908,0.5112,0.5
23,model_abstraction_and_breakdown,,no_thinking,20,control,0.9496,0.3935,0.6065,0.5112,0.5
23,model_abstraction_and_breakdown,,no_thinking,30,control,0.9496,0.0646,0.9354,0.5112,0.5
23,model_abstraction_and_breakdown,,shuffled_thinking,7,candidate,0.9461,0.7436,0.2564,0.5072,0.5
23,model_abstraction_and_breakdown,,shuffled_thinking,8,candidate,0.9461,0.7133,0.2867,0.5072,0.5
23,model_abstraction_and_breakdown,,shuffled_thinking,9,candidate,0.9461,0.6976,0.3024,0.5072,0.5
23,model_abstraction_and_breakdown,,shuffled_thinking,10,candidate,0.9461,0.6779,0.3221,0.5072,0.5
23,model_abstraction_and_breakdown,,shuffled_thinking,36,candidate,0.9461,0.1194,0.8806,0.5072,0.5
23,model_abstraction_and_breakdown,,shuffled_thinking,1,control,0.9461,0.0135,0.9865,0.5072,0.5
23,model_abstraction_and_breakdown,,shuffled_thinking,20,control,0.9461,0.4025,0.5975,0.5072,0.5
23,model_abstraction_and_breakdown,,shuffled_thinking,30,control,0.9461,0.0727,0.9273,0.5072,0.5
24,hidden_variable_identification,,no_thinking,7,candidate,0.908,0.729,0.271,0.4583,0.5
24,hidden_variable_identification,,no_thinking,8,candidate,0.908,0.6893,0.3107,0.4583,0.5
24,hidden_variable_identification,,no_thinking,9,candidate,0.908,0.6704,0.3296,0.4583,0.5
24,hidden_variable_identification,,no_thinking,10,candidate,0.908,0.648,0.352,0.4583,0.5
24,hidden_variable_identification,,no_thinking,36,candidate,0.908,0.1563,0.8437,0.4583,0.5
24,hidden_variable_identification,,no_thinking,1,control,0.908,0.0126,0.9874,0.4583,0.5
24,hidden_variable_identification,,no_thinking,20,control,0.908,0.3815,0.6185,0.4583,0.5
24,hidden_variable_identification,,no_thinking,30,control,0.908,0.0705,0.9295,0.4583,0.5
24,hidden_variable_identification,,shuffled_thinking,7,candidate,0.9395,0.7301,0.2699,0.4954,0.5
24,hidden_variable_identification,,shuffled_thinking,8,candidate,0.9395,0.6893,0.3107,0.4954,0.5
24,hidden_variable_identification,,shuffled_thinking,9,candidate,0.9395,0.6693,0.3307,0.4954,0.5
24,hidden_variable_identification,,shuffled_thinking,10,candidate,0.9395,0.6477,0.3523,0.4954,0.5
24,hidden_variable_identification,,shuffled_thinking,36,candidate,0.9395,0.1605,0.8395,0.4954,0.5
24,hidden_variable_identification,,shuffled_thinking,1,control,0.9395,0.0129,0.9871,0.4954,0.5
24,hidden_variable_identification,,shuffled_thinking,20,control,0.9395,0.385,0.615,0.4954,0.5
24,hidden_variable_identification,,shuffled_thinking,30,control,0.9395,0.0786,0.9214,0.4954,0.5
25,hidden_variable_identification,,no_thinking,7,candidate,0.8825,0.7293,0.2707,0.5359,0.5714
25,hidden_variable_identification,,no_thinking,8,candidate,0.8825,0.6944,0.3056,0.5359,0.5714
25,hidden_variable_identification,,no_thinking,9,candidate,0.8825,0.6788,0.3212,0.5359,0.5714
25,hidden_variable_identification,,no_thinking,10,candidate,0.8825,0.6569,0.3431,0.5359,0.5714
25,hidden_variable_identification,,no_thinking,36,candidate,0.8825,0.1818,0.8182,0.5359,0.5714
25,hidden_variable_identification,,no_thinking,1,control,0.8825,0.011,0.989,0.5359,0.5714
25,hidden_variable_identification,,no_thinking,20,control,0.8825,0.3759,0.6241,0.5359,0.5714
25,hidden_variable_identification,,no_thinking,30,control,0.8825,0.0639,0.9361,0.5359,0.5714
25,hidden_variable_identification,,shuffled_thinking,7,candidate,0.8867,0.7302,0.2698,0.4808,0.1429
25,hidden_variable_identification,,shuffled_thinking,8,candidate,0.8867,0.6956,0.3044,0.4808,0.1429
25,hidden_variable_identification,,shuffled_thinking,9,candidate,0.8867,0.6791,0.3209,0.4808,0.1429
25,hidden_variable_identification,,shuffled_thinking,10,candidate,0.8867,0.6564,0.3436,0.4808,0.1429
25,hidden_variable_identification,,shuffled_thinking,36,candidate,0.8867,0.1207,0.8793,0.4808,0.1429
25,hidden_variable_identification,,shuffled_thinking,1,control,0.8867,0.0123,0.9877,0.4808,0.1429
25,hidden_variable_identification,,shuffled_thinking,20,control,0.8867,0.3806,0.6194,0.4808,0.1429
25,hidden_variable_identification,,shuffled_thinking,30,control,0.8867,0.0686,0.9314,0.4808,0.1429
26,hidden_variable_identification,,no_thinking,7,candidate,0.9223,0.7284,0.2716,0.5605,0.25
26,hidden_variable_identification,,no_thinking,8,candidate,0.9223,0.6939,0.3061,0.5605,0.25
26,hidden_variable_identification,,no_thinking,9,candidate,0.9223,0.6767,0.3233,0.5605,0.25
26,hidden_variable_identification,,no_thinking,10,candidate,0.9223,0.6579,0.3421,0.5605,0.25
26,hidden_variable_identification,,no_thinking,36,candidate,0.9223,0.0973,0.9027,0.5605,0.25
26,hidden_variable_identification,,no_thinking,1,control,0.9223,0.0122,0.9878,0.5605,0.25
26,hidden_variable_identification,,no_thinking,20,control,0.9223,0.381,0.619,0.5605,0.25
26,hidden_variable_identification,,no_thinking,30,control,0.9223,0.0649,0.9351,0.5605,0.25
26,hidden_variable_identification,,shuffled_thinking,7,candidate,0.9284,0.7271,0.2729,0.5155,0.0
26,hidden_variable_identification,,shuffled_thinking,8,candidate,0.9284,0.6926,0.3074,0.5155,0.0
26,hidden_variable_identification,,shuffled_thinking,9,candidate,0.9284,0.6758,0.3242,0.5155,0.0
26,hidden_variable_identification,,shuffled_thinking,10,candidate,0.9284,0.6567,0.3433,0.5155,0.0
26,hidden_variable_identification,,shuffled_thinking,36,candidate,0.9284,0.1136,0.8864,0.5155,0.0
26,hidden_variable_identification,,shuffled_thinking,1,control,0.9284,0.0121,0.9879,0.5155,0.0
26,hidden_variable_identification,,shuffled_thinking,20,control,0.9284,0.3807,0.6193,0.5155,0.0
26,hidden_variable_identification,,shuffled_thinking,30,control,0.9284,0.0645,0.9355,0.5155,0.0
27,hidden_variable_identification,,no_thinking,7,candidate,0.9466,0.731,0.269,0.5596,0.5
27,hidden_variable_identification,,no_thinking,8,candidate,0.9466,0.6981,0.3019,0.5596,0.5
27,hidden_variable_identification,,no_thinking,9,candidate,0.9466,0.682,0.318,0.5596,0.5
27,hidden_variable_identification,,no_thinking,10,candidate,0.9466,0.6617,0.3383,0.5596,0.5
27,hidden_variable_identification,,no_thinking,36,candidate,0.9466,0.1085,0.8915,0.5596,0.5
27,hidden_variable_identification,,no_thinking,1,control,0.9466,0.0062,0.9938,0.5596,0.5
27,hidden_variable_identification,,no_thinking,20,control,0.9466,0.3863,0.6137,0.5596,0.5
27,hidden_variable_identification,,no_thinking,30,control,0.9466,0.067,0.933,0.5596,0.5
27,hidden_variable_identification,,shuffled_thinking,7,candidate,0.962,0.7318,0.2682,0.5575,0.3333
27,hidden_variable_identification,,shuffled_thinking,8,candidate,0.962,0.6985,0.3015,0.5575,0.3333
27,hidden_variable_identification,,shuffled_thinking,9,candidate,0.962,0.6802,0.3198,0.5575,0.3333
27,hidden_variable_identification,,shuffled_thinking,10,candidate,0.962,0.6597,0.3403,0.5575,0.3333
27,hidden_variable_identification,,shuffled_thinking,36,candidate,0.962,0.1052,0.8948,0.5575,0.3333
27,hidden_variable_identification,,shuffled_thinking,1,control,0.962,0.0061,0.9939,0.5575,0.3333
27,hidden_variable_identification,,shuffled_thinking,20,control,0.962,0.3883,0.6117,0.5575,0.3333
27,hidden_variable_identification,,shuffled_thinking,30,control,0.962,0.0678,0.9322,0.5575,0.3333
28,model_abstraction_and_breakdown,,no_thinking,7,candidate,0.927,0.7384,0.2616,0.6402,0.5
28,model_abstraction_and_breakdown,,no_thinking,8,candidate,0.927,0.7051,0.2949,0.6402,0.5
28,model_abstraction_and_breakdown,,no_thinking,9,candidate,0.927,0.6844,0.3156,0.6402,0.5
28,model_abstraction_and_breakdown,,no_thinking,10,candidate,0.927,0.6634,0.3366,0.6402,0.5
28,model_abstraction_and_breakdown,,no_thinking,36,candidate,0.927,0.1721,0.8279,0.6402,0.5
28,model_abstraction_and_breakdown,,no_thinking,1,control,0.927,0.0109,0.9891,0.6402,0.5
28,model_abstraction_and_breakdown,,no_thinking,20,control,0.927,0.403,0.597,0.6402,0.5
28,model_abstraction_and_breakdown,,no_thinking,30,control,0.927,0.0792,0.9208,0.6402,0.5
28,model_abstraction_and_breakdown,,shuffled_thinking,7,candidate,0.9618,0.7336,0.2664,0.6165,0.3333
28,model_abstraction_and_breakdown,,shuffled_thinking,8,candidate,0.9618,0.7007,0.2993,0.6165,0.3333
28,model_abstraction_and_breakdown,,shuffled_thinking,9,candidate,0.9618,0.6799,0.3201,0.6165,0.3333
28,model_abstraction_and_breakdown,,shuffled_thinking,10,candidate,0.9618,0.657,0.343,0.6165,0.3333
28,model_abstraction_and_breakdown,,shuffled_thinking,36,candidate,0.9618,0.1617,0.8383,0.6165,0.3333
28,model_abstraction_and_breakdown,,shuffled_thinking,1,control,0.9618,0.0068,0.9932,0.6165,0.3333
28,model_abstraction_and_breakdown,,shuffled_thinking,20,control,0.9618,0.3894,0.6106,0.6165,0.3333
28,model_abstraction_and_breakdown,,shuffled_thinking,30,control,0.9618,0.0657,0.9343,0.6165,0.3333
29,hidden_variable_identification,,no_thinking,7,candidate,0.9357,0.7362,0.2638,0.5863,0.5
29,hidden_variable_identification,,no_thinking,8,candidate,0.9357,0.6978,0.3022,0.5863,0.5
29,hidden_variable_identification,,no_thinking,9,candidate,0.9357,0.6783,0.3217,0.5863,0.5
29,hidden_variable_identification,,no_thinking,10,candidate,0.9357,0.6555,0.3445,0.5863,0.5
29,hidden_variable_identification,,no_thinking,36,candidate,0.9357,0.1677,0.8323,0.5863,0.5
29,hidden_variable_identification,,no_thinking,1,control,0.9357,0.0093,0.9907,0.5863,0.5
29,hidden_variable_identification,,no_thinking,20,control,0.9357,0.3895,0.6105,0.5863,0.5
29,hidden_variable_identification,,no_thinking,30,control,0.9357,0.0682,0.9318,0.5863,0.5
29,hidden_variable_identification,,shuffled_thinking,7,candidate,0.9416,0.7334,0.2666,0.593,0.4444
29,hidden_variable_identification,,shuffled_thinking,8,candidate,0.9416,0.6948,0.3052,0.593,0.4444
29,hidden_variable_identification,,shuffled_thinking,9,candidate,0.9416,0.6762,0.3238,0.593,0.4444
29,hidden_variable_identification,,shuffled_thinking,10,candidate,0.9416,0.6537,0.3463,0.593,0.4444
29,hidden_variable_identification,,shuffled_thinking,36,candidate,0.9416,0.1171,0.8829,0.593,0.4444
29,hidden_variable_identification,,shuffled_thinking,1,control,0.9416,0.008,0.992,0.593,0.4444
29,hidden_variable_identification,,shuffled_thinking,20,control,0.9416,0.3895,0.6105,0.593,0.4444
29,hidden_variable_identification,,shuffled_thinking,30,control,0.9416,0.0643,0.9357,0.593,0.4444
30,model_abstraction_and_breakdown,,no_thinking,7,candidate,0.8735,0.7305,0.2695,0.4732,0.375
30,model_abstraction_and_breakdown,,no_thinking,8,candidate,0.8735,0.6954,0.3046,0.4732,0.375
30,model_abstraction_and_breakdown,,no_thinking,9,candidate,0.8735,0.6803,0.3197,0.4732,0.375
30,model_abstraction_and_breakdown,,no_thinking,10,candidate,0.8735,0.66,0.34,0.4732,0.375
30,model_abstraction_and_breakdown,,no_thinking,36,candidate,0.8735,0.2384,0.7616,0.4732,0.375
30,model_abstraction_and_breakdown,,no_thinking,1,control,0.8735,0.0132,0.9868,0.4732,0.375
30,model_abstraction_and_breakdown,,no_thinking,20,control,0.8735,0.4081,0.5919,0.4732,0.375
30,model_abstraction_and_breakdown,,no_thinking,30,control,0.8735,0.075,0.925,0.4732,0.375
30,model_abstraction_and_breakdown,,shuffled_thinking,7,candidate,0.9381,0.7313,0.2687,0.6326,0.5714
30,model_abstraction_and_breakdown,,shuffled_thinking,8,candidate,0.9381,0.6936,0.3064,0.6326,0.5714
30,model_abstraction_and_breakdown,,shuffled_thinking,9,candidate,0.9381,0.6764,0.3236,0.6326,0.5714
30,model_abstraction_and_breakdown,,shuffled_thinking,10,candidate,0.9381,0.656,0.344,0.6326,0.5714
30,model_abstraction_and_breakdown,,shuffled_thinking,36,candidate,0.9381,0.2249,0.7751,0.6326,0.5714
30,model_abstraction_and_breakdown,,shuffled_thinking,1,control,0.9381,0.011,0.989,0.6326,0.5714
30,model_abstraction_and_breakdown,,shuffled_thinking,20,control,0.9381,0.4048,0.5952,0.6326,0.5714
30,model_abstraction_and_breakdown,,shuffled_thinking,30,control,0.9381,0.0696,0.9304,0.6326,0.5714
31,model_abstraction_and_breakdown,,no_thinking,7,candidate,0.9667,0.7362,0.2638,0.6184,0.25
31,model_abstraction_and_breakdown,,no_thinking,8,candidate,0.9667,0.706,0.294,0.6184,0.25
31,model_abstraction_and_breakdown,,no_thinking,9,candidate,0.9667,0.6912,0.3088,0.6184,0.25
31,model_abstraction_and_breakdown,,no_thinking,10,candidate,0.9667,0.6724,0.3276,0.6184,0.25
31,model_abstraction_and_breakdown,,no_thinking,36,candidate,0.9667,0.138,0.862,0.6184,0.25
31,model_abstraction_and_breakdown,,no_thinking,1,control,0.9667,0.0074,0.9926,0.6184,0.25
31,model_abstraction_and_breakdown,,no_thinking,20,control,0.9667,0.4054,0.5946,0.6184,0.25
31,model_abstraction_and_breakdown,,no_thinking,30,control,0.9667,0.0647,0.9353,0.6184,0.25
31,model_abstraction_and_breakdown,,shuffled_thinking,7,candidate,0.9519,0.7357,0.2643,0.6005,0.2
31,model_abstraction_and_breakdown,,shuffled_thinking,8,candidate,0.9519,0.7054,0.2946,0.6005,0.2
31,model_abstraction_and_breakdown,,shuffled_thinking,9,candidate,0.9519,0.6888,0.3112,0.6005,0.2
31,model_abstraction_and_breakdown,,shuffled_thinking,10,candidate,0.9519,0.6681,0.3319,0.6005,0.2
31,model_abstraction_and_breakdown,,shuffled_thinking,36,candidate,0.9519,0.1464,0.8536,0.6005,0.2
31,model_abstraction_and_breakdown,,shuffled_thinking,1,control,0.9519,0.0053,0.9947,0.6005,0.2
31,model_abstraction_and_breakdown,,shuffled_thinking,20,control,0.9519,0.4016,0.5984,0.6005,0.2
31,model_abstraction_and_breakdown,,shuffled_thinking,30,control,0.9519,0.0669,0.9331,0.6005,0.2
32,tradeoff_and_non_monotonicity,,no_thinking,7,candidate,0.9426,0.7315,0.2685,0.5404,0.2857
32,tradeoff_and_non_monotonicity,,no_thinking,8,candidate,0.9426,0.6934,0.3066,0.5404,0.2857
32,tradeoff_and_non_monotonicity,,no_thinking,9,candidate,0.9426,0.6763,0.3237,0.5404,0.2857
32,tradeoff_and_non_monotonicity,,no_thinking,10,candidate,0.9426,0.6568,0.3432,0.5404,0.2857
32,tradeoff_and_non_monotonicity,,no_thinking,36,candidate,0.9426,0.1653,0.8347,0.5404,0.2857
32,tradeoff_and_non_monotonicity,,no_thinking,1,control,0.9426,0.0111,0.9889,0.5404,0.2857
32,tradeoff_and_non_monotonicity,,no_thinking,20,control,0.9426,0.3871,0.6129,0.5404,0.2857
32,tradeoff_and_non_monotonicity,,no_thinking,30,control,0.9426,0.0728,0.9272,0.5404,0.2857
32,tradeoff_and_non_monotonicity,,shuffled_thinking,7,candidate,0.9608,0.7293,0.2707,0.5517,0.3333
32,tradeoff_and_non_monotonicity,,shuffled_thinking,8,candidate,0.9608,0.6913,0.3087,0.5517,0.3333
32,tradeoff_and_non_monotonicity,,shuffled_thinking,9,candidate,0.9608,0.6745,0.3255,0.5517,0.3333
32,tradeoff_and_non_monotonicity,,shuffled_thinking,10,candidate,0.9608,0.6547,0.3453,0.5517,0.3333
32,tradeoff_and_non_monotonicity,,shuffled_thinking,36,candidate,0.9608,0.1321,0.8679,0.5517,0.3333
32,tradeoff_and_non_monotonicity,,shuffled_thinking,1,control,0.9608,0.0092,0.9908,0.5517,0.3333
32,tradeoff_and_non_monotonicity,,shuffled_thinking,20,control,0.9608,0.3868,0.6132,0.5517,0.3333
32,tradeoff_and_non_monotonicity,,shuffled_thinking,30,control,0.9608,0.0707,0.9293,0.5517,0.3333
33,tradeoff_and_non_monotonicity,,no_thinking,7,candidate,0.8982,0.7317,0.2683,0.4984,0.0
33,tradeoff_and_non_monotonicity,,no_thinking,8,candidate,0.8982,0.6972,0.3028,0.4984,0.0
33,tradeoff_and_non_monotonicity,,no_thinking,9,candidate,0.8982,0.6785,0.3215,0.4984,0.0
33,tradeoff_and_non_monotonicity,,no_thinking,10,candidate,0.8982,0.6585,0.3415,0.4984,0.0
33,tradeoff_and_non_monotonicity,,no_thinking,36,candidate,0.8982,0.2549,0.7451,0.4984,0.0
33,tradeoff_and_non_monotonicity,,no_thinking,1,control,0.8982,0.0126,0.9874,0.4984,0.0
33,tradeoff_and_non_monotonicity,,no_thinking,20,control,0.8982,0.3868,0.6132,0.4984,0.0
33,tradeoff_and_non_monotonicity,,no_thinking,30,control,0.8982,0.072,0.928,0.4984,0.0
33,tradeoff_and_non_monotonicity,,shuffled_thinking,7,candidate,0.9427,0.7324,0.2676,0.5602,0.3333
33,tradeoff_and_non_monotonicity,,shuffled_thinking,8,candidate,0.9427,0.6977,0.3023,0.5602,0.3333
33,tradeoff_and_non_monotonicity,,shuffled_thinking,9,candidate,0.9427,0.6781,0.3219,0.5602,0.3333
33,tradeoff_and_non_monotonicity,,shuffled_thinking,10,candidate,0.9427,0.6582,0.3418,0.5602,0.3333
33,tradeoff_and_non_monotonicity,,shuffled_thinking,36,candidate,0.9427,0.1465,0.8535,0.5602,0.3333
33,tradeoff_and_non_monotonicity,,shuffled_thinking,1,control,0.9427,0.0089,0.9911,0.5602,0.3333
33,tradeoff_and_non_monotonicity,,shuffled_thinking,20,control,0.9427,0.388,0.612,0.5602,0.3333
33,tradeoff_and_non_monotonicity,,shuffled_thinking,30,control,0.9427,0.0721,0.9279,0.5602,0.3333
34,hidden_variable_identification,,no_thinking,7,candidate,0.9185,0.0005,0.9995,0.4777,0.4
34,hidden_variable_identification,,no_thinking,8,candidate,0.9185,0.0007,0.9993,0.4777,0.4
34,hidden_variable_identification,,no_thinking,9,candidate,0.9185,0.001,0.999,0.4777,0.4
34,hidden_variable_identification,,no_thinking,10,candidate,0.9185,0.0011,0.9989,0.4777,0.4
34,hidden_variable_identification,,no_thinking,36,candidate,0.9185,0.2216,0.7784,0.4777,0.4
34,hidden_variable_identification,,no_thinking,1,control,0.9185,0.0188,0.9812,0.4777,0.4
34,hidden_variable_identification,,no_thinking,20,control,0.9185,0.0075,0.9925,0.4777,0.4
34,hidden_variable_identification,,no_thinking,30,control,0.9185,0.035,0.965,0.4777,0.4
34,hidden_variable_identification,,shuffled_thinking,7,candidate,0.9323,0.0006,0.9994,0.501,0.75
34,hidden_variable_identification,,shuffled_thinking,8,candidate,0.9323,0.0009,0.9991,0.501,0.75
34,hidden_variable_identification,,shuffled_thinking,9,candidate,0.9323,0.0012,0.9988,0.501,0.75
34,hidden_variable_identification,,shuffled_thinking,10,candidate,0.9323,0.0013,0.9987,0.501,0.75
34,hidden_variable_identification,,shuffled_thinking,36,candidate,0.9323,0.2503,0.7497,0.501,0.75
34,hidden_variable_identification,,shuffled_thinking,1,control,0.9323,0.019,0.981,0.501,0.75
34,hidden_variable_identification,,shuffled_thinking,20,control,0.9323,0.0087,0.9913,0.501,0.75
34,hidden_variable_identification,,shuffled_thinking,30,control,0.9323,0.039,0.961,0.501,0.75
35,hidden_variable_identification,,no_thinking,7,candidate,0.9105,0.7388,0.2612,0.5465,0.75
35,hidden_variable_identification,,no_thinking,8,candidate,0.9105,0.7019,0.2981,0.5465,0.75
35,hidden_variable_identification,,no_thinking,9,candidate,0.9105,0.6838,0.3162,0.5465,0.75
35,hidden_variable_identification,,no_thinking,10,candidate,0.9105,0.6628,0.3372,0.5465,0.75
35,hidden_variable_identification,,no_thinking,36,candidate,0.9105,0.1874,0.8126,0.5465,0.75
35,hidden_variable_identification,,no_thinking,1,control,0.9105,0.0078,0.9922,0.5465,0.75
35,hidden_variable_identification,,no_thinking,20,control,0.9105,0.3963,0.6037,0.5465,0.75
35,hidden_variable_identification,,no_thinking,30,control,0.9105,0.0732,0.9268,0.5465,0.75
35,hidden_variable_identification,,shuffled_thinking,7,candidate,0.9444,0.7372,0.2628,0.6019,0.6
35,hidden_variable_identification,,shuffled_thinking,8,candidate,0.9444,0.7001,0.2999,0.6019,0.6
35,hidden_variable_identification,,shuffled_thinking,9,candidate,0.9444,0.6812,0.3188,0.6019,0.6
35,hidden_variable_identification,,shuffled_thinking,10,candidate,0.9444,0.6605,0.3395,0.6019,0.6
35,hidden_variable_identification,,shuffled_thinking,36,candidate,0.9444,0.1313,0.8687,0.6019,0.6
35,hidden_variable_identification,,shuffled_thinking,1,control,0.9444,0.0078,0.9922,0.6019,0.6
35,hidden_variable_identification,,shuffled_thinking,20,control,0.9444,0.3997,0.6003,0.6019,0.6
35,hidden_variable_identification,,shuffled_thinking,30,control,0.9444,0.0686,0.9314,0.6019,0.6
36,tradeoff_and_non_monotonicity,,no_thinking,7,candidate,0.9321,0.7358,0.2642,0.4973,0.5
36,tradeoff_and_non_monotonicity,,no_thinking,8,candidate,0.9321,0.7024,0.2976,0.4973,0.5
36,tradeoff_and_non_monotonicity,,no_thinking,9,candidate,0.9321,0.6872,0.3128,0.4973,0.5
36,tradeoff_and_non_monotonicity,,no_thinking,10,candidate,0.9321,0.6679,0.3321,0.4973,0.5
36,tradeoff_and_non_monotonicity,,no_thinking,36,candidate,0.9321,0.1766,0.8234,0.4973,0.5
36,tradeoff_and_non_monotonicity,,no_thinking,1,control,0.9321,0.0097,0.9903,0.4973,0.5
36,tradeoff_and_non_monotonicity,,no_thinking,20,control,0.9321,0.3991,0.6009,0.4973,0.5
36,tradeoff_and_non_monotonicity,,no_thinking,30,control,0.9321,0.0684,0.9316,0.4973,0.5
36,tradeoff_and_non_monotonicity,,shuffled_thinking,7,candidate,0.9726,0.7342,0.2658,0.5211,0.5
36,tradeoff_and_non_monotonicity,,shuffled_thinking,8,candidate,0.9726,0.6999,0.3001,0.5211,0.5
36,tradeoff_and_non_monotonicity,,shuffled_thinking,9,candidate,0.9726,0.6844,0.3156,0.5211,0.5
36,tradeoff_and_non_monotonicity,,shuffled_thinking,10,candidate,0.9726,0.6658,0.3342,0.5211,0.5
36,tradeoff_and_non_monotonicity,,shuffled_thinking,36,candidate,0.9726,0.1858,0.8142,0.5211,0.5
36,tradeoff_and_non_monotonicity,,shuffled_thinking,1,control,0.9726,0.0067,0.9933,0.5211,0.5
36,tradeoff_and_non_monotonicity,,shuffled_thinking,20,control,0.9726,0.3989,0.6011,0.5211,0.5
36,tradeoff_and_non_monotonicity,,shuffled_thinking,30,control,0.9726,0.0641,0.9359,0.5211,0.5
38,model_abstraction_and_breakdown,,no_thinking,7,candidate,0.951,0.7311,0.2689,0.6377,0.2
38,model_abstraction_and_breakdown,,no_thinking,8,candidate,0.951,0.695,0.305,0.6377,0.2
38,model_abstraction_and_breakdown,,no_thinking,9,candidate,0.951,0.676,0.324,0.6377,0.2
38,model_abstraction_and_breakdown,,no_thinking,10,candidate,0.951,0.6574,0.3426,0.6377,0.2
38,model_abstraction_and_breakdown,,no_thinking,36,candidate,0.951,0.2302,0.7698,0.6377,0.2
38,model_abstraction_and_breakdown,,no_thinking,1,control,0.951,0.0093,0.9907,0.6377,0.2
38,model_abstraction_and_breakdown,,no_thinking,20,control,0.951,0.3919,0.6081,0.6377,0.2
38,model_abstraction_and_breakdown,,no_thinking,30,control,0.951,0.0703,0.9297,0.6377,0.2
38,model_abstraction_and_breakdown,,shuffled_thinking,7,candidate,0.9574,0.7307,0.2693,0.6358,0.5
38,model_abstraction_and_breakdown,,shuffled_thinking,8,candidate,0.9574,0.6935,0.3065,0.6358,0.5
38,model_abstraction_and_breakdown,,shuffled_thinking,9,candidate,0.9574,0.6735,0.3265,0.6358,0.5
38,model_abstraction_and_breakdown,,shuffled_thinking,10,candidate,0.9574,0.6555,0.3445,0.6358,0.5
38,model_abstraction_and_breakdown,,shuffled_thinking,36,candidate,0.9574,0.2305,0.7695,0.6358,0.5
38,model_abstraction_and_breakdown,,shuffled_thinking,1,control,0.9574,0.007,0.993,0.6358,0.5
38,model_abstraction_and_breakdown,,shuffled_thinking,20,control,0.9574,0.3903,0.6097,0.6358,0.5
38,model_abstraction_and_breakdown,,shuffled_thinking,30,control,0.9574,0.0674,0.9326,0.6358,0.5
40,model_abstraction_and_breakdown,,no_thinking,7,candidate,0.9447,0.7359,0.2641,0.5363,0.2857
40,model_abstraction_and_breakdown,,no_thinking,8,candidate,0.9447,0.6985,0.3015,0.5363,0.2857
40,model_abstraction_and_breakdown,,no_thinking,9,candidate,0.9447,0.6821,0.3179,0.5363,0.2857
40,model_abstraction_and_breakdown,,no_thinking,10,candidate,0.9447,0.6614,0.3386,0.5363,0.2857
40,model_abstraction_and_breakdown,,no_thinking,36,candidate,0.9447,0.1314,0.8686,0.5363,0.2857
40,model_abstraction_and_breakdown,,no_thinking,1,control,0.9447,0.0067,0.9933,0.5363,0.2857
40,model_abstraction_and_breakdown,,no_thinking,20,control,0.9447,0.3994,0.6006,0.5363,0.2857
40,model_abstraction_and_breakdown,,no_thinking,30,control,0.9447,0.0676,0.9324,0.5363,0.2857
40,model_abstraction_and_breakdown,,shuffled_thinking,7,candidate,0.9371,0.7352,0.2648,0.547,0.2857
40,model_abstraction_and_breakdown,,shuffled_thinking,8,candidate,0.9371,0.696,0.304,0.547,0.2857
40,model_abstraction_and_breakdown,,shuffled_thinking,9,candidate,0.9371,0.6785,0.3215,0.547,0.2857
40,model_abstraction_and_breakdown,,shuffled_thinking,10,candidate,0.9371,0.6596,0.3404,0.547,0.2857
40,model_abstraction_and_breakdown,,shuffled_thinking,36,candidate,0.9371,0.0745,0.9255,0.547,0.2857
40,model_abstraction_and_breakdown,,shuffled_thinking,1,control,0.9371,0.0071,0.9929,0.547,0.2857
40,model_abstraction_and_breakdown,,shuffled_thinking,20,control,0.9371,0.4002,0.5998,0.547,0.2857
40,model_abstraction_and_breakdown,,shuffled_thinking,30,control,0.9371,0.0687,0.9313,0.547,0.2857
41,hidden_variable_identification,,no_thinking,7,candidate,0.8539,0.7332,0.2668,0.4259,0.25
41,hidden_variable_identification,,no_thinking,8,candidate,0.8539,0.6974,0.3026,0.4259,0.25
41,hidden_variable_identification,,no_thinking,9,candidate,0.8539,0.681,0.319,0.4259,0.25
41,hidden_variable_identification,,no_thinking,10,candidate,0.8539,0.6583,0.3417,0.4259,0.25
41,hidden_variable_identification,,no_thinking,36,candidate,0.8539,0.1202,0.8798,0.4259,0.25
41,hidden_variable_identification,,no_thinking,1,control,0.8539,0.0096,0.9904,0.4259,0.25
41,hidden_variable_identification,,no_thinking,20,control,0.8539,0.3939,0.6061,0.4259,0.25
41,hidden_variable_identification,,no_thinking,30,control,0.8539,0.0698,0.9302,0.4259,0.25
41,hidden_variable_identification,,shuffled_thinking,7,candidate,0.8546,0.7311,0.2689,0.4444,0.2
41,hidden_variable_identification,,shuffled_thinking,8,candidate,0.8546,0.6942,0.3058,0.4444,0.2
41,hidden_variable_identification,,shuffled_thinking,9,candidate,0.8546,0.6764,0.3236,0.4444,0.2
41,hidden_variable_identification,,shuffled_thinking,10,candidate,0.8546,0.6535,0.3465,0.4444,0.2
41,hidden_variable_identification,,shuffled_thinking,36,candidate,0.8546,0.1182,0.8818,0.4444,0.2
41,hidden_variable_identification,,shuffled_thinking,1,control,0.8546,0.0081,0.9919,0.4444,0.2
41,hidden_variable_identification,,shuffled_thinking,20,control,0.8546,0.387,0.613,0.4444,0.2
41,hidden_variable_identification,,shuffled_thinking,30,control,0.8546,0.0653,0.9347,0.4444,0.2
42,hidden_variable_identification,,no_thinking,7,candidate,0.9343,0.7337,0.2663,0.5441,0.3333
42,hidden_variable_identification,,no_thinking,8,candidate,0.9343,0.6948,0.3052,0.5441,0.3333
42,hidden_variable_identification,,no_thinking,9,candidate,0.9343,0.6788,0.3212,0.5441,0.3333
42,hidden_variable_identification,,no_thinking,10,candidate,0.9343,0.656,0.344,0.5441,0.3333
42,hidden_variable_identification,,no_thinking,36,candidate,0.9343,0.123,0.877,0.5441,0.3333
42,hidden_variable_identification,,no_thinking,1,control,0.9343,0.0117,0.9883,0.5441,0.3333
42,hidden_variable_identification,,no_thinking,20,control,0.9343,0.3925,0.6075,0.5441,0.3333
42,hidden_variable_identification,,no_thinking,30,control,0.9343,0.0768,0.9232,0.5441,0.3333
42,hidden_variable_identification,,shuffled_thinking,7,candidate,0.9255,0.7339,0.2661,0.5976,1.0
42,hidden_variable_identification,,shuffled_thinking,8,candidate,0.9255,0.6932,0.3068,0.5976,1.0
42,hidden_variable_identification,,shuffled_thinking,9,candidate,0.9255,0.6748,0.3252,0.5976,1.0
42,hidden_variable_identification,,shuffled_thinking,10,candidate,0.9255,0.654,0.346,0.5976,1.0
42,hidden_variable_identification,,shuffled_thinking,36,candidate,0.9255,0.0948,0.9052,0.5976,1.0
42,hidden_variable_identification,,shuffled_thinking,1,control,0.9255,0.0076,0.9924,0.5976,1.0
42,hidden_variable_identification,,shuffled_thinking,20,control,0.9255,0.3893,0.6107,0.5976,1.0
42,hidden_variable_identification,,shuffled_thinking,30,control,0.9255,0.0655,0.9345,0.5976,1.0
43,hidden_variable_identification,,no_thinking,7,candidate,0.9139,0.0006,0.9994,0.3956,0.1667
43,hidden_variable_identification,,no_thinking,8,candidate,0.9139,0.0009,0.9991,0.3956,0.1667
43,hidden_variable_identification,,no_thinking,9,candidate,0.9139,0.0012,0.9988,0.3956,0.1667
43,hidden_variable_identification,,no_thinking,10,candidate,0.9139,0.0013,0.9987,0.3956,0.1667
43,hidden_variable_identification,,no_thinking,36,candidate,0.9139,0.3997,0.6003,0.3956,0.1667
43,hidden_variable_identification,,no_thinking,1,control,0.9139,0.0165,0.9835,0.3956,0.1667
43,hidden_variable_identification,,no_thinking,20,control,0.9139,0.0082,0.9918,0.3956,0.1667
43,hidden_variable_identification,,no_thinking,30,control,0.9139,0.0382,0.9618,0.3956,0.1667
43,hidden_variable_identification,,shuffled_thinking,7,candidate,0.9021,0.0006,0.9994,0.3931,0.3333
43,hidden_variable_identification,,shuffled_thinking,8,candidate,0.9021,0.0009,0.9991,0.3931,0.3333
43,hidden_variable_identification,,shuffled_thinking,9,candidate,0.9021,0.0013,0.9987,0.3931,0.3333
43,hidden_variable_identification,,shuffled_thinking,10,candidate,0.9021,0.0014,0.9986,0.3931,0.3333
43,hidden_variable_identification,,shuffled_thinking,36,candidate,0.9021,0.296,0.704,0.3931,0.3333
43,hidden_variable_identification,,shuffled_thinking,1,control,0.9021,0.0178,0.9822,0.3931,0.3333
43,hidden_variable_identification,,shuffled_thinking,20,control,0.9021,0.0091,0.9909,0.3931,0.3333
43,hidden_variable_identification,,shuffled_thinking,30,control,0.9021,0.0378,0.9622,0.3931,0.3333
44,hidden_variable_identification,,no_thinking,7,candidate,0.9659,0.7381,0.2619,0.5808,0.5
44,hidden_variable_identification,,no_thinking,8,candidate,0.9659,0.6999,0.3001,0.5808,0.5
44,hidden_variable_identification,,no_thinking,9,candidate,0.9659,0.6852,0.3148,0.5808,0.5
44,hidden_variable_identification,,no_thinking,10,candidate,0.9659,0.6624,0.3376,0.5808,0.5
44,hidden_variable_identification,,no_thinking,36,candidate,0.9659,0.141,0.859,0.5808,0.5
44,hidden_variable_identification,,no_thinking,1,control,0.9659,0.0074,0.9926,0.5808,0.5
44,hidden_variable_identification,,no_thinking,20,control,0.9659,0.3945,0.6055,0.5808,0.5
44,hidden_variable_identification,,no_thinking,30,control,0.9659,0.0691,0.9309,0.5808,0.5
44,hidden_variable_identification,,shuffled_thinking,7,candidate,0.9661,0.7384,0.2616,0.5602,0.4286
44,hidden_variable_identification,,shuffled_thinking,8,candidate,0.9661,0.7004,0.2996,0.5602,0.4286
44,hidden_variable_identification,,shuffled_thinking,9,candidate,0.9661,0.6852,0.3148,0.5602,0.4286
44,hidden_variable_identification,,shuffled_thinking,10,candidate,0.9661,0.6627,0.3373,0.5602,0.4286
44,hidden_variable_identification,,shuffled_thinking,36,candidate,0.9661,0.1393,0.8607,0.5602,0.4286
44,hidden_variable_identification,,shuffled_thinking,1,control,0.9661,0.0066,0.9934,0.5602,0.4286
44,hidden_variable_identification,,shuffled_thinking,20,control,0.9661,0.3938,0.6062,0.5602,0.4286
44,hidden_variable_identification,,shuffled_thinking,30,control,0.9661,0.0656,0.9344,0.5602,0.4286
46,model_abstraction_and_breakdown,,no_thinking,7,candidate,0.9435,0.7371,0.2629,0.4958,0.5
46,model_abstraction_and_breakdown,,no_thinking,8,candidate,0.9435,0.702,0.298,0.4958,0.5
46,model_abstraction_and_breakdown,,no_thinking,9,candidate,0.9435,0.683,0.317,0.4958,0.5
46,model_abstraction_and_breakdown,,no_thinking,10,candidate,0.9435,0.6618,0.3382,0.4958,0.5
46,model_abstraction_and_breakdown,,no_thinking,36,candidate,0.9435,0.1965,0.8035,0.4958,0.5
46,model_abstraction_and_breakdown,,no_thinking,1,control,0.9435,0.0076,0.9924,0.4958,0.5
46,model_abstraction_and_breakdown,,no_thinking,20,control,0.9435,0.3872,0.6128,0.4958,0.5
46,model_abstraction_and_breakdown,,no_thinking,30,control,0.9435,0.0668,0.9332,0.4958,0.5
46,model_abstraction_and_breakdown,,shuffled_thinking,7,candidate,0.9287,0.7347,0.2653,0.5163,0.2
46,model_abstraction_and_breakdown,,shuffled_thinking,8,candidate,0.9287,0.6995,0.3005,0.5163,0.2
46,model_abstraction_and_breakdown,,shuffled_thinking,9,candidate,0.9287,0.6813,0.3187,0.5163,0.2
46,model_abstraction_and_breakdown,,shuffled_thinking,10,candidate,0.9287,0.6589,0.3411,0.5163,0.2
46,model_abstraction_and_breakdown,,shuffled_thinking,36,candidate,0.9287,0.184,0.816,0.5163,0.2
46,model_abstraction_and_breakdown,,shuffled_thinking,1,control,0.9287,0.008,0.992,0.5163,0.2
46,model_abstraction_and_breakdown,,shuffled_thinking,20,control,0.9287,0.3887,0.6113,0.5163,0.2
46,model_abstraction_and_breakdown,,shuffled_thinking,30,control,0.9287,0.0702,0.9298,0.5163,0.2
47,model_abstraction_and_breakdown,,no_thinking,7,candidate,0.9465,0.7368,0.2632,0.5273,0.3333
47,model_abstraction_and_breakdown,,no_thinking,8,candidate,0.9465,0.7034,0.2966,0.5273,0.3333
47,model_abstraction_and_breakdown,,no_thinking,9,candidate,0.9465,0.6847,0.3153,0.5273,0.3333
47,model_abstraction_and_breakdown,,no_thinking,10,candidate,0.9465,0.6655,0.3345,0.5273,0.3333
47,model_abstraction_and_breakdown,,no_thinking,36,candidate,0.9465,0.2217,0.7783,0.5273,0.3333
47,model_abstraction_and_breakdown,,no_thinking,1,control,0.9465,0.0081,0.9919,0.5273,0.3333
47,model_abstraction_and_breakdown,,no_thinking,20,control,0.9465,0.3877,0.6123,0.5273,0.3333
47,model_abstraction_and_breakdown,,no_thinking,30,control,0.9465,0.0652,0.9348,0.5273,0.3333
47,model_abstraction_and_breakdown,,shuffled_thinking,7,candidate,0.9538,0.7342,0.2658,0.5921,1.0
47,model_abstraction_and_breakdown,,shuffled_thinking,8,candidate,0.9538,0.701,0.299,0.5921,1.0
47,model_abstraction_and_breakdown,,shuffled_thinking,9,candidate,0.9538,0.6812,0.3188,0.5921,1.0
47,model_abstraction_and_breakdown,,shuffled_thinking,10,candidate,0.9538,0.6617,0.3383,0.5921,1.0
47,model_abstraction_and_breakdown,,shuffled_thinking,36,candidate,0.9538,0.1683,0.8317,0.5921,1.0
47,model_abstraction_and_breakdown,,shuffled_thinking,1,control,0.9538,0.0075,0.9925,0.5921,1.0
47,model_abstraction_and_breakdown,,shuffled_thinking,20,control,0.9538,0.3884,0.6116,0.5921,1.0
47,model_abstraction_and_breakdown,,shuffled_thinking,30,control,0.9538,0.0643,0.9357,0.5921,1.0
48,model_abstraction_and_breakdown,,no_thinking,7,candidate,0.9644,0.7383,0.2617,0.6,0.2857
48,model_abstraction_and_breakdown,,no_thinking,8,candidate,0.9644,0.7007,0.2993,0.6,0.2857
48,model_abstraction_and_breakdown,,no_thinking,9,candidate,0.9644,0.6825,0.3175,0.6,0.2857
48,model_abstraction_and_breakdown,,no_thinking,10,candidate,0.9644,0.6613,0.3387,0.6,0.2857
48,model_abstraction_and_breakdown,,no_thinking,36,candidate,0.9644,0.1052,0.8948,0.6,0.2857
48,model_abstraction_and_breakdown,,no_thinking,1,control,0.9644,0.0106,0.9894,0.6,0.2857
48,model_abstraction_and_breakdown,,no_thinking,20,control,0.9644,0.3875,0.6125,0.6,0.2857
48,model_abstraction_and_breakdown,,no_thinking,30,control,0.9644,0.065,0.935,0.6,0.2857
48,model_abstraction_and_breakdown,,shuffled_thinking,7,candidate,0.9445,0.7375,0.2625,0.6053,0.25
48,model_abstraction_and_breakdown,,shuffled_thinking,8,candidate,0.9445,0.6979,0.3021,0.6053,0.25
48,model_abstraction_and_breakdown,,shuffled_thinking,9,candidate,0.9445,0.6786,0.3214,0.6053,0.25
48,model_abstraction_and_breakdown,,shuffled_thinking,10,candidate,0.9445,0.6564,0.3436,0.6053,0.25
48,model_abstraction_and_breakdown,,shuffled_thinking,36,candidate,0.9445,0.1299,0.8701,0.6053,0.25
48,model_abstraction_and_breakdown,,shuffled_thinking,1,control,0.9445,0.0081,0.9919,0.6053,0.25
48,model_abstraction_and_breakdown,,shuffled_thinking,20,control,0.9445,0.3868,0.6132,0.6053,0.25
48,model_abstraction_and_breakdown,,shuffled_thinking,30,control,0.9445,0.062,0.938,0.6053,0.25
49,tradeoff_and_non_monotonicity,,no_thinking,7,candidate,0.9272,0.7318,0.2682,0.5325,0.4
49,tradeoff_and_non_monotonicity,,no_thinking,8,candidate,0.9272,0.6977,0.3023,0.5325,0.4
49,tradeoff_and_non_monotonicity,,no_thinking,9,candidate,0.9272,0.6809,0.3191,0.5325,0.4
49,tradeoff_and_non_monotonicity,,no_thinking,10,candidate,0.9272,0.662,0.338,0.5325,0.4
49,tradeoff_and_non_monotonicity,,no_thinking,36,candidate,0.9272,0.2124,0.7876,0.5325,0.4
49,tradeoff_and_non_monotonicity,,no_thinking,1,control,0.9272,0.0113,0.9887,0.5325,0.4
49,tradeoff_and_non_monotonicity,,no_thinking,20,control,0.9272,0.3896,0.6104,0.5325,0.4
49,tradeoff_and_non_monotonicity,,no_thinking,30,control,0.9272,0.0708,0.9292,0.5325,0.4
49,tradeoff_and_non_monotonicity,,shuffled_thinking,7,candidate,0.956,0.7301,0.2699,0.573,0.3333
49,tradeoff_and_non_monotonicity,,shuffled_thinking,8,candidate,0.956,0.6961,0.3039,0.573,0.3333
49,tradeoff_and_non_monotonicity,,shuffled_thinking,9,candidate,0.956,0.6785,0.3215,0.573,0.3333
49,tradeoff_and_non_monotonicity,,shuffled_thinking,10,candidate,0.956,0.6584,0.3416,0.573,0.3333
49,tradeoff_and_non_monotonicity,,shuffled_thinking,36,candidate,0.956,0.1552,0.8448,0.573,0.3333
49,tradeoff_and_non_monotonicity,,shuffled_thinking,1,control,0.956,0.0062,0.9938,0.573,0.3333
49,tradeoff_and_non_monotonicity,,shuffled_thinking,20,control,0.956,0.3815,0.6185,0.573,0.3333
49,tradeoff_and_non_monotonicity,,shuffled_thinking,30,control,0.956,0.0607,0.9393,0.573,0.3333
51,tradeoff_and_non_monotonicity,,no_thinking,7,candidate,0.9551,0.7309,0.2691,0.6667,0.75
51,tradeoff_and_non_monotonicity,,no_thinking,8,candidate,0.9551,0.6942,0.3058,0.6667,0.75
51,tradeoff_and_non_monotonicity,,no_thinking,9,candidate,0.9551,0.677,0.323,0.6667,0.75
51,tradeoff_and_non_monotonicity,,no_thinking,10,candidate,0.9551,0.6544,0.3456,0.6667,0.75
51,tradeoff_and_non_monotonicity,,no_thinking,36,candidate,0.9551,0.168,0.832,0.6667,0.75
51,tradeoff_and_non_monotonicity,,no_thinking,1,control,0.9551,0.0086,0.9914,0.6667,0.75
51,tradeoff_and_non_monotonicity,,no_thinking,20,control,0.9551,0.3853,0.6147,0.6667,0.75
51,tradeoff_and_non_monotonicity,,no_thinking,30,control,0.9551,0.0647,0.9353,0.6667,0.75
51,tradeoff_and_non_monotonicity,,shuffled_thinking,7,candidate,0.9612,0.7291,0.2709,0.6225,0.3333
51,tradeoff_and_non_monotonicity,,shuffled_thinking,8,candidate,0.9612,0.6915,0.3085,0.6225,0.3333
51,tradeoff_and_non_monotonicity,,shuffled_thinking,9,candidate,0.9612,0.6719,0.3281,0.6225,0.3333
51,tradeoff_and_non_monotonicity,,shuffled_thinking,10,candidate,0.9612,0.6477,0.3523,0.6225,0.3333
51,tradeoff_and_non_monotonicity,,shuffled_thinking,36,candidate,0.9612,0.1757,0.8243,0.6225,0.3333
51,tradeoff_and_non_monotonicity,,shuffled_thinking,1,control,0.9612,0.0074,0.9926,0.6225,0.3333
51,tradeoff_and_non_monotonicity,,shuffled_thinking,20,control,0.9612,0.3863,0.6137,0.6225,0.3333
51,tradeoff_and_non_monotonicity,,shuffled_thinking,30,control,0.9612,0.0632,0.9368,0.6225,0.3333
52,hidden_variable_identification,,no_thinking,7,candidate,0.9062,0.7346,0.2654,0.5153,0.25
52,hidden_variable_identification,,no_thinking,8,candidate,0.9062,0.6999,0.3001,0.5153,0.25
52,hidden_variable_identification,,no_thinking,9,candidate,0.9062,0.684,0.316,0.5153,0.25
52,hidden_variable_identification,,no_thinking,10,candidate,0.9062,0.664,0.336,0.5153,0.25
52,hidden_variable_identification,,no_thinking,36,candidate,0.9062,0.1749,0.8251,0.5153,0.25
52,hidden_variable_identification,,no_thinking,1,control,0.9062,0.0099,0.9901,0.5153,0.25
52,hidden_variable_identification,,no_thinking,20,control,0.9062,0.401,0.599,0.5153,0.25
52,hidden_variable_identification,,no_thinking,30,control,0.9062,0.0787,0.9213,0.5153,0.25
52,hidden_variable_identification,,shuffled_thinking,7,candidate,0.9355,0.7347,0.2653,0.5297,0.3333
52,hidden_variable_identification,,shuffled_thinking,8,candidate,0.9355,0.6983,0.3017,0.5297,0.3333
52,hidden_variable_identification,,shuffled_thinking,9,candidate,0.9355,0.6804,0.3196,0.5297,0.3333
52,hidden_variable_identification,,shuffled_thinking,10,candidate,0.9355,0.6599,0.3401,0.5297,0.3333
52,hidden_variable_identification,,shuffled_thinking,36,candidate,0.9355,0.1645,0.8355,0.5297,0.3333
52,hidden_variable_identification,,shuffled_thinking,1,control,0.9355,0.0084,0.9916,0.5297,0.3333
52,hidden_variable_identification,,shuffled_thinking,20,control,0.9355,0.3998,0.6002,0.5297,0.3333
52,hidden_variable_identification,,shuffled_thinking,30,control,0.9355,0.0749,0.9251,0.5297,0.3333
53,hidden_variable_identification,,no_thinking,7,candidate,0.8835,0.7337,0.2663,0.503,0.0
53,hidden_variable_identification,,no_thinking,8,candidate,0.8835,0.6951,0.3049,0.503,0.0
53,hidden_variable_identification,,no_thinking,9,candidate,0.8835,0.6754,0.3246,0.503,0.0
53,hidden_variable_identification,,no_thinking,10,candidate,0.8835,0.6569,0.3431,0.503,0.0
53,hidden_variable_identification,,no_thinking,36,candidate,0.8835,0.1124,0.8876,0.503,0.0
53,hidden_variable_identification,,no_thinking,1,control,0.8835,0.0119,0.9881,0.503,0.0
53,hidden_variable_identification,,no_thinking,20,control,0.8835,0.3769,0.6231,0.503,0.0
53,hidden_variable_identification,,no_thinking,30,control,0.8835,0.0668,0.9332,0.503,0.0
53,hidden_variable_identification,,shuffled_thinking,7,candidate,0.907,0.735,0.265,0.4568,0.3333
53,hidden_variable_identification,,shuffled_thinking,8,candidate,0.907,0.6962,0.3038,0.4568,0.3333
53,hidden_variable_identification,,shuffled_thinking,9,candidate,0.907,0.6763,0.3237,0.4568,0.3333
53,hidden_variable_identification,,shuffled_thinking,10,candidate,0.907,0.6582,0.3418,0.4568,0.3333
53,hidden_variable_identification,,shuffled_thinking,36,candidate,0.907,0.1044,0.8956,0.4568,0.3333
53,hidden_variable_identification,,shuffled_thinking,1,control,0.907,0.0099,0.9901,0.4568,0.3333
53,hidden_variable_identification,,shuffled_thinking,20,control,0.907,0.3779,0.6221,0.4568,0.3333
53,hidden_variable_identification,,shuffled_thinking,30,control,0.907,0.0627,0.9373,0.4568,0.3333
54,model_abstraction_and_breakdown,,no_thinking,7,candidate,0.9654,0.7266,0.2734,0.5467,0.2
54,model_abstraction_and_breakdown,,no_thinking,8,candidate,0.9654,0.6842,0.3158,0.5467,0.2
54,model_abstraction_and_breakdown,,no_thinking,9,candidate,0.9654,0.6614,0.3386,0.5467,0.2
54,model_abstraction_and_breakdown,,no_thinking,10,candidate,0.9654,0.6399,0.3601,0.5467,0.2
54,model_abstraction_and_breakdown,,no_thinking,36,candidate,0.9654,0.1639,0.8361,0.5467,0.2
54,model_abstraction_and_breakdown,,no_thinking,1,control,0.9654,0.0094,0.9906,0.5467,0.2
54,model_abstraction_and_breakdown,,no_thinking,20,control,0.9654,0.3702,0.6298,0.5467,0.2
54,model_abstraction_and_breakdown,,no_thinking,30,control,0.9654,0.0609,0.9391,0.5467,0.2
54,model_abstraction_and_breakdown,,shuffled_thinking,7,candidate,0.9236,0.7289,0.2711,0.5774,0.2
54,model_abstraction_and_breakdown,,shuffled_thinking,8,candidate,0.9236,0.688,0.312,0.5774,0.2
54,model_abstraction_and_breakdown,,shuffled_thinking,9,candidate,0.9236,0.6649,0.3351,0.5774,0.2
54,model_abstraction_and_breakdown,,shuffled_thinking,10,candidate,0.9236,0.6433,0.3567,0.5774,0.2
54,model_abstraction_and_breakdown,,shuffled_thinking,36,candidate,0.9236,0.1759,0.8241,0.5774,0.2
54,model_abstraction_and_breakdown,,shuffled_thinking,1,control,0.9236,0.0122,0.9878,0.5774,0.2
54,model_abstraction_and_breakdown,,shuffled_thinking,20,control,0.9236,0.3853,0.6147,0.5774,0.2
54,model_abstraction_and_breakdown,,shuffled_thinking,30,control,0.9236,0.0705,0.9295,0.5774,0.2
